<?xml version="1.0" encoding="UTF-8"?>
<beans xmlns="http://www.springframework.org/schema/beans"
	xmlns:xsi="http://www.w3.org/2001/XMLSchema-instance"
	xsi:schemaLocation="http://www.springframework.org/schema/beans
https://www.springframework.org/schema/beans/spring-beans.xsd">


	<bean id="ct" class="com.masai.City">

		<property name="city">
			<list>
				<value> Goa </value>
				<value> Delhi </value>
				<value> Bangaluru </value>
				<!-- <value> Chennai </value> -->
				<value> Patna </value>
				<value> Chennai </value>
			</list>
		</property>
	</bean>


	<bean id="s1" class="com.masai.Student">
		<constructor-arg name="name" value="Rahul">
		</constructor-arg>
		<constructor-arg name="roll" value="1">
		</constructor-arg>
		<constructor-arg name="marks" value="95">
		</constructor-arg>
	</bean>

	<bean id="s2" class="com.masai.Student">
		<constructor-arg name="name" value="Raja">
		</constructor-arg>
		<constructor-arg name="roll" value="2">
		</constructor-arg>
		<constructor-arg name="marks" value="85">
		</constructor-arg>
	</bean>

	<bean id="s3" class="com.masai.Student">
		<constructor-arg name="name" value="Najmush">
		</constructor-arg>
		<constructor-arg name="roll" value="7">
		</constructor-arg>
		<constructor-arg name="marks" value="55">
		</constructor-arg>
	</bean>

	<bean id="s4" class="com.masai.Student">
		<constructor-arg name="name" value="Prajakta">
		</constructor-arg>
		<constructor-arg name="roll" value="4">
		</constructor-arg>
		<constructor-arg name="marks" value="80">
		</constructor-arg>
	</bean>

	<bean id="s5" class="com.masai.Student">
		<constructor-arg name="name" value="Puja">
		</constructor-arg>
		<constructor-arg name="roll" value="5">
		</constructor-arg>
		<constructor-arg name="marks" value="17">
		</constructor-arg>
	</bean>

	<bean id= "col"  class = "com.masai.College" init-method = "before"  destroy-method="destroy">

		<property name="stud">
			<list>
				<ref bean="s1" />
				<ref bean="s2" />
				<ref bean="s3" />
				<ref bean="s4" />
				<ref bean="s5" />
			</list>

		</property>


	</bean>

</beans>	
	


